timestep,timestamp,price_per_kwh,grid_import_total_kw,grid_export_total_kw,grid_import_a_kw,grid_export_a_kw,grid_q_a_kvar,grid_import_b_kw,grid_export_b_kw,grid_q_b_kvar,grid_import_c_kw,grid_export_c_kw,grid_q_c_kvar,bus_001_voltage_a_pu,bus_001_angle_a_deg,bus_001_p_load_a_kw,bus_001_q_load_a_kvar,bus_001_voltage_b_pu,bus_001_angle_b_deg,bus_001_p_load_b_kw,bus_001_q_load_b_kvar,bus_001_voltage_c_pu,bus_001_angle_c_deg,bus_001_p_load_c_kw,bus_001_q_load_c_kvar,bus_002_voltage_a_pu,bus_002_angle_a_deg,bus_002_p_load_a_kw,bus_002_q_load_a_kvar,bus_002_voltage_b_pu,bus_002_angle_b_deg,bus_002_p_load_b_kw,bus_002_q_load_b_kvar,bus_002_voltage_c_pu,bus_002_angle_c_deg,bus_002_p_load_c_kw,bus_002_q_load_c_kvar,bus_003_voltage_a_pu,bus_003_angle_a_deg,bus_003_p_load_a_kw,bus_003_q_load_a_kvar,bus_003_voltage_b_pu,bus_003_angle_b_deg,bus_003_p_load_b_kw,bus_003_q_load_b_kvar,bus_003_voltage_c_pu,bus_003_angle_c_deg,bus_003_p_load_c_kw,bus_003_q_load_c_kvar,bus_004_voltage_a_pu,bus_004_angle_a_deg,bus_004_p_load_a_kw,bus_004_q_load_a_kvar,bus_004_voltage_b_pu,bus_004_angle_b_deg,bus_004_p_load_b_kw,bus_004_q_load_b_kvar,bus_004_voltage_c_pu,bus_004_angle_c_deg,bus_004_p_load_c_kw,bus_004_q_load_c_kvar,bus_005_voltage_a_pu,bus_005_angle_a_deg,bus_005_p_load_a_kw,bus_005_q_load_a_kvar,bus_005_voltage_b_pu,bus_005_angle_b_deg,bus_005_p_load_b_kw,bus_005_q_load_b_kvar,bus_005_voltage_c_pu,bus_005_angle_c_deg,bus_005_p_load_c_kw,bus_005_q_load_c_kvar
0,2026-01-01 00:00:00,0.3,292.3606209898205,0.0,94.73650541256731,0.0,33.94217767148275,101.13063233231262,0.0,36.20813184932968,96.4934832449406,0.0,34.80845656351796,1.0,0.0,0.0,0.0,0.9999999999999999,-119.99999999999999,0.0,0.0,0.9999999999999999,119.99999999999999,0.0,0.0,0.9959850234730301,-0.2151546265852453,40.0,13.16,0.9956004252328918,-120.23977610490809,35.0,11.515,0.995985100102559,119.7705592734147,25.0,8.225,0.9945152661634932,-0.2766971562136121,20.0,6.575,0.9909077526997869,-120.37887354224411,36.0,11.835,0.9918267176765174,119.54961987147443,24.0,7.89,0.9944244039212992,-0.30189274887289014,14.4,4.74,0.9892045945553712,-120.3815737942839,21.6,7.109999999999999,0.9886522602018731,119.42338580177278,36.0,11.85,0.9938154273481943,-0.3043031690382936,27.0,8.865,0.9948648370264817,-120.28693342455192,15.0,4.925,0.9946194442017133,119.73959004664731,18.0,5.909999999999999
1,2026-01-01 01:00:00,0.28,282.0853216495975,0.0,91.56821338767833,0.0,30.566960293793173,97.34062842194908,0.0,32.622612285865046,93.17647983997009,0.0,31.369624724808276,1.0,0.0,0.0,0.0,0.9999999999999999,-119.99999999999999,0.0,0.0,0.9999999999999999,119.99999999999999,0.0,0.0,0.9962303625821309,-0.21154573446695465,36.0,11.840000000000002,0.9958819672839688,-120.2336942069552,31.5,10.36,0.9962276534197329,119.77552202537129,22.5,7.4,0.9945930506805968,-0.2939395599332679,18.0,5.925,0.9913424522105093,-120.3859147778436,32.4,10.665,0.9921683214886399,119.54959399061644,21.6,7.109999999999999,0.9941354262831285,-0.3455225684859368,12.96,4.260000000000001,0.989431321461961,-120.41750047579727,19.44,6.39,0.9889337424449972,119.40680660963027,32.4,10.65,0.9942797972013278,-0.29176580513198036,24.3,7.965,0.9952206463695814,-120.27611787610871,13.5,4.425,0.9949994498438178,119.74763323224653,16.2,5.31
2,2026-01-01 02:00:00,0.27,305.11637746968603,0.0,99.33872757831948,0.0,29.07624948555647,104.84876330775069,0.0,31.04671876160541,100.92888658361586,0.0,29.914966768198397,1.0,0.0,0.0,0.0,0.9999999999999999,-119.99999999999999,0.0,0.0,0.9999999999999999,119.99999999999999,0.0,0.0,0.996114112543588,-0.23621101620532065,34.0,11.16,0.9957805910287332,-120.25717188473982,29.75,9.765,0.9961036055223349,119.7514429774994,21.25,6.975,0.9939263583447765,-0.36899263169374985,17.0,5.6,0.9908440699513841,-120.45605830806394,30.6,10.08,0.9916163629553502,119.48276144167887,20.4,6.72,0.9927294090366867,-0.4765793363160417,12.240000000000002,4.0200000000000005,0.9882672767856012,-120.54509310407171,18.36,6.03,0.9877865718531679,119.28835780155966,30.6,10.05,0.9942691285737518,-0.3118647908014118,22.95,7.56,0.9951546363831004,-120.29721025222942,12.75,4.2,0.9949423171421721,119.72518287456315,15.3,5.04
3,2026-01-01 03:00:00,0.27,296.5545487978086,0.0,96.55851536180154,0.0,28.19624478748781,101.90010343055262,0.0,30.093403141010903,98.0959300054544,0.0,28.992870818053202,1.0,0.0,0.0,0.0,0.9999999999999999,-119.99999999999999,0.0,0.0,0.9999999999999999,119.99999999999999,0.0,0.0,0.9962255914002066,-0.22967215966778712,33.0,10.840000000000002,0.9959031699119967,-120.25003845243351,28.875,9.485,0.9962169353524949,119.75834782482491,20.625,6.775,0.9940955753404216,-0.359191197338772,16.5,5.425,0.9911075124950716,-120.4437341623483,29.7,9.765,0.9918574558106871,119.4969785654904,19.8,6.51,0.9929250143805873,-0.4642660772109368,11.88,3.9,0.9885983651762447,-120.53081758185768,17.82,5.85,0.988133115882641,119.30768853719388,29.7,9.75,0.994435402221553,-0.30308889877286327,22.275,7.335000000000001,0.9952958051502114,-120.28889068441,12.375,4.075,0.995090051054807,119.73286009016131,14.85,4.89
4,2026-01-01 04:00:00,0.28,274.2144496105932,0.0,89.01640230896128,0.0,29.74035040458329,94.62291474271093,0.0,31.704460921639637,90.57513255892101,0.0,30.48986068027161,1.0,0.0,0.0,0.0,0.9999999999999999,-119.99999999999999,0.0,0.0,0.9999999999999999,119.99999999999999,0.0,0.0,0.9963333381861866,-0.2055826353938373,35.0,11.52,0.9959972382317961,-120.22719086197007,30.625,10.08,0.9963334406187735,119.78183297499984,21.875,7.2,0.9947422712376173,-0.2856962631630115,17.5,5.75,0.9915867626246319,-120.37520975355076,31.5,10.35,0.9923898171203062,119.5622207980365,21.0,6.9,0.9942974492361832,-0.33582493446565975,12.6,4.14,0.9897293619674955,-120.40591673859228,18.9,6.21,0.9892466122247083,119.42345921842387,31.5,10.35,0.9944341684846425,-0.2834228627728222,23.625,7.785,0.995352912591632,-120.26838817483193,13.125,4.325,0.9951381533066647,119.75481918829344,15.75,5.19
5,2026-01-01 05:00:00,0.32,329.35360549689744,0.0,106.89008896894632,0.0,35.76161199347569,113.66314304086562,0.0,38.17765011064954,108.80037348708548,0.0,36.742853223793055,1.0,0.0,0.0,0.0,0.9999999999999999,-119.99999999999999,0.0,0.0,0.9999999999999999,119.99999999999999,0.0,0.0,0.9955975532293533,-0.2469929188055792,42.0,13.8,0.9951886897927514,-120.27291659189754,36.75,12.075,0.995590557275592,119.73784979447373,26.25,8.625,0.9936877598495024,-0.34333974836435677,21.0,6.9,0.9898862954695824,-120.45099273051196,37.8,12.420000000000002,0.9908470756447781,119.47361338746914,25.2,8.28,0.9931547959167468,-0.4036911853436426,15.12,4.960000000000001,0.9876538295716549,-120.4880050955351,22.68,7.439999999999999,0.9870678459646686,119.30638744310853,37.8,12.4,0.9933177471050485,-0.34066041624510696,28.35,9.315,0.9944157349110081,-120.32246998215234,15.75,5.175,0.9941557400987919,119.70532095872913,18.9,6.21
6,2026-01-01 06:00:00,0.4,421.92666370651114,0.0,136.7777692162376,0.0,47.11640574317278,145.76557570193728,0.0,50.41759218705167,139.38331878833625,0.0,48.60370989864068,1.0,0.0,0.0,0.0,0.9999999999999999,-119.99999999999999,0.0,0.0,0.9999999999999999,119.99999999999999,0.0,0.0,0.9943061232122182,-0.31435462547509585,55.0,18.08,0.9937573049582911,-120.3483176823199,48.125,15.82,0.9942793405778413,119.6656451827991,34.375,11.3,0.9918018644050939,-0.4409651353161771,27.5,9.05,0.98678597041825,-120.5823531980612,49.5,16.290000000000003,0.9880336303572466,119.31817117913948,33.0,10.86,0.9911042777224429,-0.5204528402574099,19.8,6.5,0.9838519034421339,-120.631046088804,29.7,9.75,0.9830607491866822,119.0976960421175,49.5,16.25,0.9914819251125974,-0.424918924795258,37.125,12.195,0.9929103256934801,-120.40093670034022,20.625,6.775,0.9925642838509421,119.63540003580708,24.75,8.13
7,2026-01-01 07:00:00,0.55,504.8312681932124,0.0,163.25380355433106,0.0,60.148007343991445,174.86373703722734,0.0,64.51606034351387,166.713727601654,0.0,62.325357916224206,1.0,0.0,0.0,0.0,0.9999999999999999,-119.99999999999999,0.0,0.0,0.9999999999999999,119.99999999999999,0.0,0.0,0.9930183254943032,-0.3694304787181313,70.0,23.0,0.9923029356552729,-120.41272267748325,61.24999999999999,20.125,0.9929600465545296,119.60495320838787,43.75,14.375,0.989921550081059,-0.5233146220041334,35.0,11.5,0.9834921335206366,-120.70394128543631,63.0,20.7,0.9850626846183023,119.16871327010873,42.0,13.8,0.9891446295432587,-0.6165724710206781,25.200000000000003,8.28,0.9798553684412721,-120.757579506678,37.8,12.42,0.9788129747649842,118.89475663928941,63.0,20.7,0.9898738803673173,-0.476378701417893,47.25,15.525,0.9916784258440667,-120.4457557354041,26.25,8.625,0.9912293382645341,119.6004815315914,31.5,10.35
8,2026-01-01 08:00:00,0.62,482.5271954483583,0.0,155.262140293301,0.0,66.65580407110757,168.19643632237106,0.0,71.5398864138079,159.06861883268624,0.0,69.04678447007745,1.0,0.0,0.0,0.0,0.9999999999999999,-119.99999999999999,0.0,0.0,0.9999999999999999,119.99999999999999,0.0,0.0,0.9928927063552946,-0.33592313915201133,78.0,25.64,0.9920946222367723,-120.38421994014706,68.25,22.434999999999995,0.9928321539460466,119.6355842322024,48.75,16.025,0.9900115082392776,-0.4584763535956279,39.0,12.825,0.982847957869175,-120.65968660783263,70.2,23.085,0.9846106938078665,119.19855244754169,46.8,15.39,0.9898248425838199,-0.5100456977969765,28.08,9.22,0.979483558190826,-120.66637917501178,42.12,13.83,0.9783361124425825,118.94638420266143,70.2,23.05,0.9901480558147019,-0.39809069569504113,52.65,17.325,0.9921548178218896,-120.36416275588458,29.25,9.625,0.9916604744036226,119.68744811962252,35.1,11.55
9,2026-01-01 09:00:00,0.58,374.6079913302222,0.0,119.73341643671584,0.0,61.04840173585701,131.6512166042683,0.0,65.515377935436,123.22335828923805,0.0,63.20047109585952,1.0,0.0,0.0,0.0,0.9999999999999999,-119.99999999999999,0.0,0.0,0.9999999999999999,119.99999999999999,0.0,0.0,0.994040197803122,-0.24298137751829166,72.0,23.680000000000003,0.9933060201394518,-120.28751175838255,62.99999999999999,20.72,0.9939886017306367,119.73076623465965,45.0,14.8,0.9914341080631991,-0.3513650687083292,36.0,11.825,0.9848427416708353,-120.53659409454214,64.8,21.285,0.9864730298195575,119.33313136186756,43.2,14.19,0.9913215835748553,-0.3939864647266196,25.92,8.520000000000001,0.9818051443085674,-120.53790847654312,38.88,12.78,0.9807568637171346,119.10629315234851,64.8,21.3,0.9926298381904353,-0.21670197255734033,48.6,15.975,0.9944722895370905,-120.18563587647341,27.0,8.875,0.9940205137023573,119.86177579632049,32.4,10.65
10,2026-01-01 10:00:00,0.5,323.55195683465337,0.0,102.89418223397385,0.0,57.636503414737916,114.29852747889842,0.0,61.96012770995367,106.3592471217811,0.0,59.8684005414744,1.0,0.0,0.0,0.0,0.9999999999999999,-119.99999999999999,0.0,0.0,0.9999999999999999,119.99999999999999,0.0,0.0,0.9946262293319535,-0.2002961401458889,68.0,22.36,0.9939181403457271,-120.24235958696738,59.49999999999999,19.565,0.9945572560142196,119.77456925884583,42.5,13.975,0.9915328320159125,-0.3569700458850463,34.0,11.175,0.9852835319719965,-120.53203474046248,61.2,20.115,0.9868091814869487,119.34445319393623,40.8,13.41,0.9906724148998828,-0.45549328278428247,24.480000000000004,8.040000000000001,0.9816488530610431,-120.59233451947753,36.72,12.06,0.9806416740936923,119.07086808064584,61.2,20.1,0.9944322682772088,-0.09051156453011484,45.9,15.075,0.9961480786031566,-120.0613759323261,25.5,8.375,0.9957177427086796,119.98290462215206,30.6,10.05
11,2026-01-01 11:00:00,0.48,272.7362570962329,0.0,86.10007012827909,0.0,55.80731885916869,97.1725213742123,0.0,60.004791833747085,89.46366559374154,0.0,57.96921009191469,1.0,0.0,0.0,0.0,0.9999999999999999,-119.99999999999999,0.0,0.0,0.9999999999999999,119.99999999999999,0.0,0.0,0.9951300180084631,-0.1551812738566143,66.0,21.680000000000003,0.994441930317207,-120.19597768529809,57.74999999999999,18.97,0.9950630949394812,119.82041818469581,41.25,13.55,0.992128975195637,-0.3070525573387331,33.0,10.85,0.986068326378429,-120.47678085543075,59.4,19.53,0.9875516609673587,119.40347305135523,39.6,13.02,0.991294233214327,-0.4025349939143216,23.76,7.800000000000001,0.9825438454616495,-120.5352482889555,35.64,11.7,0.9815725902780281,119.13835435904976,59.4,19.5,0.9956244319102079,0.0023429272369785534,44.55,14.625,0.9972832756123156,-119.96948270955912,24.75,8.125,0.9968676690674847,120.07336021554102,29.7,9.75
12,2026-01-01 12:00:00,0.46,290.6430471320974,0.0,92.039265976773,0.0,55.24099270143404,103.086125530741,0.0,59.4802218576703,95.51765562458343,0.0,57.60769653564978,1.0,0.0,0.0,0.0,0.9999999999999999,-119.99999999999999,0.0,0.0,0.9999999999999999,119.99999999999999,0.0,0.0,0.9950150355040388,-0.1732026555943242,65.0,21.36,0.9943243102874755,-120.21336500283466,56.87499999999999,18.69,0.9949267420109317,119.80254357504045,40.625,13.35,0.9913838524409878,-0.38055002937152754,32.5,10.675,0.9853855833390374,-120.54795402856236,58.5,19.215000000000003,0.9868228050494962,119.3335817297864,39.0,12.81,0.9897588582457229,-0.5365699041397992,23.4,7.7,0.9810958633510063,-120.66803428240843,35.1,11.55,0.9801040614246326,119.00923031613023,58.5,19.25,0.9958117165265059,0.005164139159746674,43.875,14.4,0.9974307674532497,-119.96707673956503,24.375,8.0,0.9970123088068817,120.07485983662451,29.25,9.6
13,2026-01-01 13:00:00,0.45,292.7416253389032,0.0,92.82396762252932,0.0,54.45053362576535,103.68359058207454,0.0,58.600023787151144,96.23406713429935,0.0,56.73964173215098,1.0,0.0,0.0,0.0,0.9999999999999999,-119.99999999999999,0.0,0.0,0.9999999999999999,119.99999999999999,0.0,0.0,0.995033927241373,-0.17671766871254377,64.0,21.040000000000003,0.9943560968169384,-120.21629978308273,56.0,18.41,0.9949504875150087,119.79938942752094,40.0,13.15,0.9914476830061858,-0.3816934175995122,32.0,10.525,0.9855442515564995,-120.54650014631336,57.6,18.945,0.9869622276445041,119.33685457550884,38.4,12.63,0.9898353792744915,-0.5362291245348036,23.040000000000003,7.58,0.9813090298685078,-120.66567138132734,34.56,11.37,0.9803365749370899,119.01663699098232,57.6,18.95,0.995716073779624,-0.008406072806705146,43.2,14.22,0.99731492936838,-119.98119435767994,24.0,7.9,0.9969041092262847,120.06018996658418,28.8,9.48
14,2026-01-01 14:00:00,0.47,317.77340090042827,0.0,101.08669391034651,0.0,55.96977125408296,112.19093969441613,0.0,60.193496419005385,104.49576729566564,0.0,58.19239183178852,1.0,0.0,0.0,0.0,0.9999999999999999,-119.99999999999999,0.0,0.0,0.9999999999999999,119.99999999999999,0.0,0.0,0.9947537207746343,-0.1978342763702565,66.0,21.680000000000003,0.9940628405137384,-120.2386432189401,57.74999999999999,18.97,0.9946810638418544,119.77769057448141,41.25,13.55,0.9915035187214887,-0.37109329894066334,33.0,10.85,0.9854312543569046,-120.54105064606225,59.4,19.53,0.9869075462073487,119.33890330135806,39.6,13.02,0.9903735479089495,-0.48947436913267334,23.76,7.800000000000001,0.9816045603377311,-120.62262249374912,35.64,11.7,0.9806218672564546,119.05021428550805,59.4,19.5,0.994751375557231,-0.07744210144637381,44.55,14.625,0.9964115685981624,-120.04916436172458,24.75,8.125,0.9959920686235845,119.99368661559441,29.7,9.75
15,2026-01-01 15:00:00,0.52,389.5275269310987,0.0,124.74850707143966,0.0,59.53394652972038,136.47293087461512,0.0,63.98118391196271,128.30608898504394,0.0,61.83973263707722,1.0,0.0,0.0,0.0,0.9999999999999999,-119.99999999999999,0.0,0.0,0.9999999999999999,119.99999999999999,0.0,0.0,0.9939952116370463,-0.2598721029641384,70.0,23.0,0.9932681812334617,-120.3031700030834,61.24999999999999,20.125,0.9939242336113072,119.71431685706435,43.75,14.375,0.9908089728449301,-0.42140192220800693,35.0,11.5,0.9843709503544327,-120.60181542153975,63.0,20.7,0.9859379218706431,119.2708812396562,42.0,13.8,0.9899227648064488,-0.523001618710289,25.200000000000003,8.28,0.980625396887222,-120.663968641706,37.8,12.42,0.9795807394590115,118.9887267254945,63.0,20.7,0.9928606014300588,-0.21667404895905534,47.25,15.525,0.9946368726024927,-120.1864812977307,26.25,8.625,0.9941902653276996,119.85930126636701,31.5,10.35
16,2026-01-01 16:00:00,0.68,550.1964168650609,0.0,177.3642068655766,0.0,70.55191425605823,191.20179425674104,0.0,75.8966412127019,181.6304157427432,0.0,73.46227794276263,1.0,0.0,0.0,0.0,0.9999999999999999,-119.99999999999999,0.0,0.0,0.9999999999999999,119.99999999999999,0.0,0.0,0.9921659290665086,-0.39331089809457137,82.0,26.960000000000004,0.9913030597412,-120.44410016130352,71.75,23.59,0.9920653855360057,119.57632003731172,51.25,16.85,0.9884278985256522,-0.5834471709275937,41.0,13.475,0.9808376239759433,-120.79570996726719,73.8,24.255,0.9826584182022476,119.05405637453597,49.2,16.169999999999998,0.9873901930910978,-0.7032669858192352,29.52,9.7,0.9764326479056437,-120.86896810839633,44.28,14.55,0.9751739698754096,118.72091115150822,73.8,24.25,0.9892869606460591,-0.4583950067839871,55.35,18.18,0.9913740141563415,-120.422532284458,30.75,10.1,0.9908401602146844,119.63133705493908,36.9,12.12
17,2026-01-01 17:00:00,0.95,703.8435758296599,0.0,227.5480082192641,0.0,82.72506980773841,243.69870437194095,0.0,89.06524801232152,232.59686323845486,0.0,86.33972442216758,1.0,0.0,0.0,0.0,0.9999999999999999,-119.99999999999999,0.0,0.0,0.9999999999999999,119.99999999999999,0.0,0.0,0.990344842603104,-0.5184645201959311,95.0,31.24,0.9893330148292289,-120.57739893512452,83.125,27.335,0.9902086682399641,119.44624039285618,59.375,19.525,0.9861019677398923,-0.7318550158808806,47.5,15.6,0.9772551173770744,-120.97885833153946,85.5,28.08,0.9793470342516872,118.84594451415792,57.0,18.72,0.9850110287054081,-0.8630184345862726,34.2,11.240000000000002,0.9722443515706979,-121.05550477020444,51.3,16.86,0.9707450459919029,118.46570403600107,85.5,28.1,0.9858188901601841,-0.6826363142011054,64.125,21.06,0.9882440994498984,-120.64056197156603,35.625,11.7,0.9876130482137735,119.422169828354,42.75,14.04
18,2026-01-01 18:00:00,1.1,743.7951159168354,0.0,240.60525034431575,0.0,87.25444583630625,257.45476762570803,0.0,93.84073013248145,245.73509794681163,0.0,90.86439172644027,1.0,0.0,0.0,0.0,0.9999999999999999,-119.99999999999999,0.0,0.0,0.9999999999999999,119.99999999999999,0.0,0.0,0.9898002139442379,-0.5488821534378919,100.0,32.88,0.9887490195792544,-120.61089106568804,87.5,28.77,0.9896772837888144,119.41435425202823,62.5,20.55,0.9859103243193259,-0.7238917519431631,50.0,16.425,0.9766186915494142,-120.98372863730295,90.0,29.565,0.9788375227291157,118.83228171328643,60.0,19.71,0.9854486332700273,-0.8086380972354373,36.0,11.840000000000002,0.9720442810832122,-121.01002272737972,54.0,17.76,0.9704846225753363,118.4865988865144,90.0,29.6,0.9844012574853152,-0.7688760358845,67.5,22.185,0.9869785601185636,-120.72433208223923,37.5,12.325,0.9863186893206962,119.34225201506904,45.0,14.79
19,2026-01-01 19:00:00,1.0,716.9263309835272,0.0,231.98607741979353,0.0,83.62494101280781,248.09175794515556,0.0,89.88488882096277,236.84849561857808,0.0,86.9740346169149,1.0,0.0,0.0,0.0,0.9999999999999999,-119.99999999999999,0.0,0.0,0.9999999999999999,119.99999999999999,0.0,0.0,0.9901872856662504,-0.5297760510399705,96.0,31.56,0.989184662928567,-120.58926890296053,84.0,27.615,0.9900792428571209,119.43500458039117,60.0,19.725,0.9864804652816538,-0.6952282439501328,48.0,15.775,0.9775792994801451,-120.94439322116442,86.4,28.395,0.9797179421226638,118.8792950563551,57.6,18.93,0.9860689004478015,-0.7739140415936012,34.56,11.36,0.9732256856900773,-120.96712666194685,51.84,17.04,0.9717452341003293,118.55065973434523,86.4,28.4,0.9849273537853046,-0.7468777788802894,64.8,21.285,0.9874056956423345,-120.70413500078156,36.0,11.825,0.9867763145335136,119.35976596251258,43.2,14.19
20,2026-01-01 20:00:00,0.8,670.321001873011,0.0,217.2118316510654,0.0,74.07299985611077,231.50736455780134,0.0,79.60336266352519,221.60180566414436,0.0,77.08447948755492,1.0,0.0,0.0,0.0,0.9999999999999999,-119.99999999999999,0.0,0.0,0.9999999999999999,119.99999999999999,0.0,0.0,0.9910191865100382,-0.502510663496949,85.0,27.92,0.9901293765584414,-120.55513777496252,74.375,24.43,0.9909168261201112,119.46613518467167,53.125,17.45,0.987139614272307,-0.7000984908226832,42.5,13.975,0.9792608138526183,-120.92051095589962,76.5,25.155,0.9811433471504156,118.92332670718868,51.0,16.77,0.9860629647273067,-0.8246854190792499,30.6,10.06,0.9746865024892862,-120.99663766779824,45.9,15.089999999999998,0.9733684100177207,118.57686298633458,76.5,25.15,0.9863690149919485,-0.6942691337596198,57.375,18.855,0.9885557358155429,-120.656599841905,31.875,10.475,0.9879954838720022,119.39965708670769,38.25,12.57
21,2026-01-01 21:00:00,0.6,550.9316126717936,0.0,178.62406506864775,0.0,60.50812273667258,190.22346508242126,0.0,64.87081528959177,182.08408252072454,0.0,62.68600456555995,1.0,0.0,0.0,0.0,0.9999999999999999,-119.99999999999999,0.0,0.0,0.9999999999999999,119.99999999999999,0.0,0.0,0.9926245575633278,-0.4130700274990429,70.0,23.0,0.9919104505990546,-120.45636591041107,61.24999999999999,20.125,0.9925663487617327,119.5613218910433,43.75,14.375,0.9894338979730584,-0.5750500621052805,35.0,11.5,0.9830007690081528,-120.75583564027089,63.0,20.7,0.9845686688241932,119.11666184947256,42.0,13.8,0.9885464714474588,-0.6769350649742636,25.200000000000003,8.28,0.9792499797799453,-120.81816168226264,37.8,12.42,0.9782024822175903,118.83371711235824,63.0,20.7,0.9888056540790687,-0.5703572757089989,47.25,15.525,0.9906172919709519,-120.53958235379265,26.25,8.625,0.9901657081648266,119.50676053263086,31.5,10.35
22,2026-01-01 22:00:00,0.45,434.1693083953026,0.0,140.85782903517457,0.0,47.196116565455135,149.84565547285143,0.0,50.49784249464237,143.4658238872766,0.0,48.68674352614651,1.0,0.0,0.0,0.0,0.9999999999999999,-119.99999999999999,0.0,0.0,0.9999999999999999,119.99999999999999,0.0,0.0,0.9942021917839591,-0.3259367668623921,55.0,18.08,0.9936534293901741,-120.35990094208513,48.125,15.82,0.9941751141621773,119.65406058675534,34.375,11.3,0.9916623258804101,-0.45561276062178774,27.5,9.05,0.9866452223114581,-120.59703824132046,49.5,16.290000000000003,0.9878920835282526,119.30344553272626,33.0,10.86,0.9909225584638477,-0.5383736383221341,19.8,6.5,0.9836680395177118,-120.64902534656473,29.7,9.75,0.9828754642375521,119.07960408114957,49.5,16.25,0.9912099395069874,-0.4490375650159235,37.125,12.195,0.9926395449362536,-120.42502517160419,20.625,6.775,0.9922928962932245,119.61132900987126,24.75,8.13
23,2026-01-01 23:00:00,0.36,401.6015297029692,0.0,130.60757115880926,0.0,39.57435906663182,138.1530656045131,0.0,42.3177879487636,132.84089293964678,0.0,40.85401504715366,1.0,0.0,0.0,0.0,0.9999999999999999,-119.99999999999999,0.0,0.0,0.9999999999999999,119.99999999999999,0.0,0.0,0.9948300148746231,-0.3088579183691326,46.0,15.12,0.9943707019894764,-120.33729076067478,40.25,13.23,0.994803387952799,119.67432813793121,28.75,9.45,0.9920643094328058,-0.47226975015329015,23.0,7.55,0.9878701062202085,-120.59060371888293,41.4,13.59,0.9889038690358389,119.32623384524129,27.6,9.06,0.9906790838714854,-0.600360129658371,16.56,5.44,0.9846088930815204,-120.69345101652218,24.84,8.16,0.9839371328734658,119.07979337572044,41.4,13.6,0.9923294547958583,-0.4115858128915878,31.05,10.215,0.993522914981429,-120.39164841312746,17.25,5.675,0.9932300610096216,119.63867234485582,20.7,6.81
