timestep,timestamp,line_001_002_p_a_kw,line_001_002_q_a_kvar,line_001_002_current_a_a,line_001_002_loss_a_kw,line_001_002_p_b_kw,line_001_002_q_b_kvar,line_001_002_current_b_a,line_001_002_loss_b_kw,line_001_002_p_c_kw,line_001_002_q_c_kvar,line_001_002_current_c_a,line_001_002_loss_c_kw,line_001_002_loss_total_kw,line_002_003_p_a_kw,line_002_003_q_a_kvar,line_002_003_current_a_a,line_002_003_loss_a_kw,line_002_003_p_b_kw,line_002_003_q_b_kvar,line_002_003_current_b_a,line_002_003_loss_b_kw,line_002_003_p_c_kw,line_002_003_q_c_kvar,line_002_003_current_c_a,line_002_003_loss_c_kw,line_002_003_loss_total_kw,line_002_005_p_a_kw,line_002_005_q_a_kvar,line_002_005_current_a_a,line_002_005_loss_a_kw,line_002_005_p_b_kw,line_002_005_q_b_kvar,line_002_005_current_b_a,line_002_005_loss_b_kw,line_002_005_p_c_kw,line_002_005_q_c_kvar,line_002_005_current_c_a,line_002_005_loss_c_kw,line_002_005_loss_total_kw,line_003_004_p_a_kw,line_003_004_q_a_kvar,line_003_004_current_a_a,line_003_004_loss_a_kw,line_003_004_p_b_kw,line_003_004_q_b_kvar,line_003_004_current_b_a,line_003_004_loss_b_kw,line_003_004_p_c_kw,line_003_004_q_c_kvar,line_003_004_current_c_a,line_003_004_loss_c_kw,line_003_004_loss_total_kw
0,2026-01-01 00:00:00,94.73650541256806,33.94217767148032,15.845647693133468,0.254083958487513,101.13063233231286,36.20813184932903,16.91380697279165,0.2949537598564689,96.49348324493872,34.808456563517076,16.152133874130158,0.2493519330302547,0.7983896513742366,27.437334047259597,11.364896655910986,4.69506480884758,0.028315344285900323,50.82864940117873,19.171164518108835,8.591593861809613,0.19340274304306604,53.22261798894718,20.130714308807555,8.995935412487,0.14530405043912964,0.367022137768096,27.045087406861946,8.92644436281706,4.502536032988724,0.04508740690878099,15.007029171325454,4.940994686360827,2.4987703551044276,0.007029171350687591,18.02151332299503,5.927856451125055,2.999264223022182,0.0215133230292075,0.07362990128867608,7.409018703000057,4.7436916470639785,1.3928880712175653,-0.0014081999680888302,14.635246658250871,7.122931349507837,2.5864107423617626,0.024819755333940208,29.077313938584094,11.952141190939535,4.990983964328177,0.06688703573575339,0.09029859110160476
1,2026-01-01 01:00:00,91.56821338767944,30.566960293791148,15.20037795687157,0.23336803387083194,97.34062842195071,32.62261228586546,16.165031722623045,0.26914761120536923,93.1764798399684,31.369624724806297,15.480654216702359,0.22976792191578,0.7322835669919812,30.99837149383872,10.260009145104348,5.160844223600116,0.036247963964846974,52.06579239866658,17.294668991920997,8.67440871785893,0.1917755779296897,54.229304785472564,18.162922564470133,9.039206735979839,0.15006039224044088,0.37808393413497754,24.33647385981978,8.014707082833745,4.049723430619177,0.0364738596328138,13.505688411923176,4.4379416673952505,2.2477194189152847,0.005688411841935803,16.217407132489434,5.324449011241495,2.6978629264191842,0.017407132381158874,0.059569403855908476,12.962123529831082,4.273632423881187,2.1607589127782507,0.0021235298641641975,19.47401682043629,6.413079071382786,3.2565478820228986,0.034016820273496506,32.47924439308438,10.765808940770468,5.430310673715257,0.0792443928439468,0.1153847429816075
2,2026-01-01 02:00:00,99.33872757831985,29.076249485555383,16.298058811317723,0.2674546861995566,104.84876330775148,31.046718761607277,17.217972000997136,0.3046869037364246,100.92888658361515,29.914966768197292,16.575556072158015,0.26493556157335263,0.8370771515093338,42.088707296909405,9.790687659135655,6.830741601867086,0.06991189405302123,62.038996550057426,16.4702264455094,10.149822583997816,0.25103813750558146,64.09840725382514,17.334087083779185,10.496324329476723,0.20853217713605687,0.5294822086946596,22.982565595224422,7.604381445406333,3.8266337550650555,0.032565595229986144,12.755079853969425,4.211556104495081,2.124015968036591,0.005079853976672766,15.315543768235349,5.052902676989824,2.5493630759390906,0.015543768245647627,0.053189217452306536,25.018795402880226,4.071832975918096,4.015660990180714,0.02253663730009947,31.187958412607518,6.094194407794636,5.049941210902233,0.07169964705026999,43.48987507673336,10.236584373368226,7.094496750082459,0.1336163112496962,0.22785259560006565
3,2026-01-01 03:00:00,96.55851536180161,28.196244787486762,15.838995013347231,0.25262539148035046,101.90010343055368,30.093403141012324,16.73017069148056,0.2876447514718734,98.09593000545375,28.992870818053067,16.106616402836202,0.250154295969395,0.7904244389216188,41.000224408438946,9.48720644655752,6.651546844938672,0.0663662629994235,60.35767480336704,15.956079593473373,9.87079174573682,0.2373069820057836,62.35613813373313,16.793615866436514,10.207006085211685,0.19724572467235646,0.5009189696775636,22.305665561815427,7.376792236572698,3.713333577973283,0.030665561751277437,12.379783875639987,4.08588237180378,2.0611797300679973,0.004783875602777599,14.864637575701067,4.902150596741929,2.473927102565295,0.014637575651414991,0.05008701300547003,24.43385814538941,3.9494136491976537,3.9204173298507308,0.021577929959402553,30.420367821183756,5.911090296618352,4.923337755161927,0.06808760559466975,42.35889240894379,9.926744845652959,6.9067364206365776,0.1266121932078974,0.2162777287619697
4,2026-01-01 04:00:00,89.01640230896174,29.74035040458189,14.778034002553168,0.2206442914954323,94.62291474271159,31.704460921639047,15.713342887893631,0.25428198956065273,90.57513255892039,30.48986068027325,15.048258109324088,0.2170820215594489,0.6920083026155339,30.136257502044227,9.960866406673338,5.016109730843225,0.03424917354977097,50.613251703438465,16.786366645861563,8.430147104567766,0.1811196800797532,52.716584457396905,17.630559041789564,8.784836491737684,0.14173562925537198,0.35710448288489616,23.65950051541245,7.832018052074869,3.9386592026081364,0.0345005154086131,13.130381049691882,4.3372419608160335,2.1861242711796316,0.005381049686981498,15.766466079959132,5.203667993160541,2.6239152664896266,0.016466079950461676,0.05634764504605627,12.602008328472555,4.152879340731169,2.1003131082591815,0.0020083284435798987,18.932132023315145,6.23180149709746,3.165010627735601,0.03213202326867304,31.574848828101285,10.459385839026359,5.277591907655648,0.07484882799640857,0.10898917970866151
5,2026-01-01 05:00:00,106.89008896894688,35.76161199347523,17.747809092230117,0.31808333290486246,113.66314304086696,38.17765011064911,18.879900800293388,0.3671761730148404,108.80037348708531,36.74285322379312,18.082153112182866,0.31351200918125244,0.9987715151009553,36.17223947152401,11.96226666266926,6.025549253910698,0.04936123349867927,60.788209538507004,20.187077785654875,10.134415116032887,0.2617660369151906,63.31311779147107,21.23014080188321,10.561340538859547,0.20488259242131335,0.5160098628351832,28.39976616458181,9.382819887809351,4.730365421814061,0.04976616465560113,15.757757329424377,5.192652853219469,2.6250790952033634,0.007757329462082296,18.92374368649233,6.229707274774842,3.1509187372136003,0.023743686547671672,0.0812671806653551,15.122878238070188,4.978593880763635,2.522879861502026,0.0028782381044702987,22.726443501783407,7.471499733221426,3.8053974362383443,0.04644350193028046,37.90823519917846,12.558170368824422,6.346094253300602,0.10823519945995486,0.15755693949470562
6,2026-01-01 06:00:00,136.77776921623837,47.11640574316696,22.77891251980491,0.5238106081852152,145.7655757019376,50.417592187052016,24.286276433745336,0.6080588965693892,139.38331878833515,48.603709898639515,23.24325024516543,0.5177169198113347,1.649586424565939,47.389700619410874,15.72615976945495,7.907101507011635,0.08480743646359912,79.73233447743583,26.60464064540797,13.318192609666726,0.45208393547801506,83.0412312855625,28.060743589166204,13.881361015470219,0.35404686169017907,0.8909382336317933,33.86425798870328,12.295108072752825,5.705294798446085,0.07259132209166808,17.30018232800695,6.796670178414007,2.9451403701392147,0.008515661370882555,21.449370583024773,8.155371640761407,3.634076035416457,0.03270391640176129,0.11381089986431192,19.80489318298447,6.5320570559187665,3.310842384490568,0.004893183012068647,29.78025054215461,9.804389007214345,5.002871934243327,0.08025054230235185,49.68718442400947,16.523520750016537,8.344830298714461,0.18718442431075744,0.27232814962517793
7,2026-01-01 07:00:00,163.25380355433177,60.148007343990145,27.394992829454143,0.758044055330231,174.86373703722728,64.51606034351295,29.348144762153307,0.889287247252696,166.7137276016539,62.32535791622481,28.025040696466636,0.750895244652213,2.39822654723514,58.500483001441545,20.043764340689066,9.805572862330887,0.1289816120591638,99.80462674745502,34.00503133796391,16.731059339521142,0.7161547512701958,104.01525552629882,35.999259923398746,17.454203284150985,0.5583515429057258,1.4034879062350853,33.9952764976292,15.637799641079013,5.933470063762601,0.07860983101089403,12.919823042642056,8.63788176992178,2.4661162680956696,0.003156375996386629,18.197576830801996,10.369491598516854,3.3213081700133014,0.030910164176081167,0.11267637118336182,23.371501389429287,8.32455528666814,3.946300177185601,0.004834722788153556,36.088471996489886,12.499887419091008,6.114611623670687,0.12180533004170258,61.456903983610204,21.12626246309309,10.387917666416353,0.29023731742267955,0.4168773702525357
8,2026-01-01 08:00:00,155.26214029330058,66.65580407110427,26.605160947552516,0.718122291601162,168.19643632237262,71.53988641380815,28.780156963909512,0.8574648308699011,159.06861883268488,69.04678447007846,27.304655829942686,0.7073692686739719,2.282956391145035,53.850096707048536,22.239444684477945,9.239506654477339,0.10895509084013355,99.83555678150293,37.794078731838745,16.94268069261458,0.7516328198834827,104.49475847723905,39.962002803634284,17.742993846709272,0.5660275988120418,1.426615509535658,22.69392129463957,17.397657991294455,4.5348261968483,0.04392129467086292,-0.7465852898646842,9.62467797849396,1.5321586365909146,0.003414710208052618,5.1164910868436015,11.559020016865082,2.0047772487444604,0.01649108691532586,0.0638270917942414,14.741141616127688,9.235010324449698,2.7666396483427365,-0.005525050571748125,28.88392396198068,13.880878214998981,5.134029189980823,0.09725729548347672,57.1287308785696,23.44949104541029,9.875731749665414,0.2620642121307952,0.3537964570425238
9,2026-01-01 09:00:00,119.73341643671698,61.048401735853965,21.162299844226634,0.45730588459250043,131.65121660426834,65.51537793543567,23.154694067092926,0.5563611671875606,123.22335828923741,63.20047109585998,21.805846271287393,0.44690328201204466,1.4605703337921057,48.670762030421194,20.500939745809546,8.365627038862403,0.08900874725053143,91.05208397273277,34.7943702063477,15.451566282456632,0.6266728132198551,95.35149303504994,36.754436555754154,16.18806469883464,0.47008733902576694,1.1857688994961535,-1.3946514784804325,15.998339137836739,2.5437993538256696,0.005348521625726965,-22.95722853586724,8.905425430927423,3.9034023785053265,0.04277146433321022,-17.575038027983243,10.6898721745636,3.2586404567738394,0.02496197220531471,0.07308195816425189,12.581753283050363,8.530328822049828,2.414199042365269,-0.004913383635543056,25.625411159023695,12.820127775433349,4.581178641721256,0.07874449214017076,51.68140569567617,21.628922708173995,8.942583942619276,0.214739028437819,0.2885701369424467
10,2026-01-01 10:00:00,102.89418223397377,57.63650341473721,18.57029036440717,0.3531509865921265,114.2985274788997,61.9601277099542,20.471635775246344,0.43566905167104153,106.3592471217795,59.86840054147516,19.21809247745614,0.34543482730590824,1.1342548655690763,58.616796772532915,19.484561476753655,9.778858129005622,0.12940889003341738,98.73662559742688,33.04074587860946,16.494692659527814,0.6934248632200308,102.83113180209374,34.96958147927641,17.195944197393427,0.5435113271177414,1.3663450803711896,-24.075765525211118,15.124099699278325,4.5010729333759825,0.024234474941714268,-44.37376717023344,8.496460316344999,7.157516276750481,0.1262328299249802,-39.31731950763416,10.181317142342222,6.430070548520593,0.08268049250996512,0.23314779737665958,24.48738788249428,8.08910223263656,4.095369872826901,0.007387882522433387,36.843200734165165,12.143435269690363,6.19952330587848,0.12320073416935884,61.4876204749767,20.52024787086798,10.343150992369669,0.2876204750319076,0.4182090917236998
11,2026-01-01 11:00:00,86.10007012827835,55.8073188591665,16.156015368494167,0.26920643915048004,97.17252137421339,60.00479183374714,17.982825107321002,0.33655433555904324,89.46366559374219,57.96921009191568,16.785602434664593,0.26131564026789533,0.8670764149774186,56.888769774967415,18.90359814608263,9.485444882621385,0.12180465028207266,95.80800260288261,32.04426306986087,15.996186902784208,0.652159139083949,99.78147378550167,33.89246265220119,16.67544439221266,0.5110688608414904,1.285032650207512,-37.0579060859001,14.719676814064265,6.3092951509518915,0.05876058090402836,-56.72203556429425,8.326142570270799,9.077567136624578,0.19463110252706883,-51.829123832077016,9.961254985658687,8.35156200466627,0.13754283475044105,0.39093451818153824,23.766965124646312,7.846186286068736,3.9722495382697063,0.0069651246173094705,35.75584346363741,11.778462193766128,6.011438693099361,0.11584346351818908,59.67040492454613,19.895099244872387,10.028978241622768,0.2704049242865807,0.39321351242207925
12,2026-01-01 12:00:00,92.03926597677311,55.24099270143064,16.902340115882165,0.293072489792749,103.08612553074221,59.48022185767129,18.740052613669057,0.3655535600076405,95.51765562458442,57.607696535651485,17.563769929023774,0.28762626876998354,0.9462523185703731,69.45862574417819,18.80700660570293,11.387486750066937,0.1861217018601593,107.9083789748558,31.828576334723287,17.815992397530543,0.7876959953882334,111.85541233704603,33.78545968557027,18.49235931614894,0.6405315606487818,1.6143492578971745,-42.7124322571628,14.521517247485633,7.1391195627507,0.07923440949382865,-62.06280700405545,8.24193917872538,9.914424142634031,0.22885966255478252,-57.25038298116555,9.852129313362441,9.193746931533472,0.1662836854217815,0.4743777574703927,36.77250404238686,7.812804518958046,5.9708569851727304,0.03917070921182386,48.62068297969866,11.70242559132401,7.991189467021541,0.1873496466750879,72.21488077659379,19.791084693020814,11.947622615399077,0.3815474438823543,0.6080677997692661
13,2026-01-01 13:00:00,92.82396762252742,54.45053362576497,16.94508601139335,0.29430211368067205,103.68359058207491,58.60002378715054,18.75301611698192,0.36594040449070064,96.2340671342996,56.73964173215137,17.59065018914604,0.288862218998176,0.9491047371695487,68.59358732362527,18.52698415901748,11.243561351162283,0.18161714778214844,106.44213511737065,31.350426117138195,17.571304883103277,0.7659543323292013,110.328039439539,33.258481289237345,18.23641192512848,0.6230389601322202,1.5706104402435699,-40.06392181482442,14.328011231931942,6.733153130342978,0.06941151840445059,-59.12448493990624,8.119239233485047,9.450400293490127,0.20884839338616956,-54.382834524330065,9.709063192355238,8.742619183519446,0.15049880899650958,0.42875872078712973,36.41197017581296,7.6905834130921304,5.910433904364512,0.03863684245177268,48.07618078473798,11.519091623258296,7.898473777731445,0.18284745106601719,71.30500047918856,19.476889645697305,11.79269081871466,0.3716671452116458,0.5931514387294357
14,2026-01-01 14:00:00,101.08669391034641,55.96977125408249,18.193951619594856,0.33868694960897017,112.19093969441622,60.193496419004504,20.047503890703936,0.41783958734161786,104.4957672956667,58.192391831789955,18.833142833942247,0.3320019112296251,1.088528448180213,61.833947011663064,18.966619098312318,10.237763871027921,0.14514808555168202,100.80211325305389,32.14049477507699,16.75900598905584,0.7085067070533171,104.78818684406878,34.03404904599351,17.441081511711495,0.5633745978801272,1.4170293904851263,-27.085940050873376,14.681980906496163,4.876780712325627,0.03072661555507139,-46.77901314597156,8.260592343400084,7.524420648449811,0.13765352046198132,-41.87442145964111,9.895096162477893,6.811329466161977,0.09224520682202098,0.2606253428390737,28.688798926082413,7.868191253941094,4.724266924495287,0.0165182242319446,40.693606545962204,11.803558682634552,6.770322437076204,0.14132584409855298,64.6248122461061,19.950861626980043,10.790925523671854,0.3125315440621108,0.4703756123926084
15,2026-01-01 15:00:00,124.74850707143882,59.53394652971867,21.76498105093765,0.4819626002955886,136.47293087461628,63.98118391196313,23.733255649184052,0.5843446650052329,128.30608898504119,61.83973263707647,22.427074659144395,0.474677928549454,1.5409851938502754,60.34510949559739,20.06610747697315,10.073930197557695,0.13728500801168764,101.66705334253955,34.039132284743786,16.996250205424165,0.7362208623091817,105.88264902915998,36.04995518248451,17.719687919226626,0.5771657680933089,1.4506716384141782,-6.0785650243442655,15.547328828979246,2.644402148933598,0.004768308885759964,-27.028467132819703,8.668195555977952,4.499679050502946,0.05486620035461698,-21.801237972586662,10.402430785491722,3.8268089728647228,0.032095360600223444,0.09172986984060039,25.207824487639844,8.332125331598403,4.219189699180594,0.007824487672596803,37.930832480477235,12.508592780345863,6.388788132807932,0.13083248064992858,63.30548326123231,21.14634133335898,10.659335581011987,0.305483261579397,0.44414022990192237
16,2026-01-01 16:00:00,177.36420686557548,70.55191425605518,30.055995049288477,0.9131192467118296,191.20179425674226,75.89664121270278,32.39162207047085,1.0854105384438526,181.6304157427417,73.46227794276231,30.85006966656513,0.9071839717915111,2.9057137569471934,70.71955901503691,23.56969934244895,11.830292928389467,0.1889057904983673,119.27918303722446,40.075587799651885,19.987156101939274,1.0181467270767968,124.22177721117448,42.5650234252802,20.841642070083275,0.7987027522290902,2.0057552698042542,23.731528603974198,18.259875611841295,4.752094413492018,0.04819527068305618,-0.9127993187321223,10.09962144587508,1.6107685655219306,0.003867347898051654,5.251454559936662,12.12995000808703,2.097929212868095,0.018121226587232364,0.0701838451683402,29.530653224624157,9.771971600434119,4.955184846289896,0.010653224687793283,44.461036310614844,14.672499017873799,7.516188033010562,0.18103631096492023,74.22307445929269,24.868105051800274,12.543148897728738,0.4230744600731384,0.6147639957258519
17,2026-01-01 17:00:00,227.54800821926497,82.72506980773602,38.1238303879931,1.464903703107069,243.69870437194166,89.06524801232216,40.8550178744562,1.7238060236457216,232.59686323845526,86.33972442216948,39.066329101449554,1.4619062908770957,4.650616017629886,80.11908077048577,27.34103424560506,13.459782995225396,0.24241109292299257,136.5465950731872,46.60859100814817,22.963495066075748,1.347701341520235,142.27189458740003,49.65007530076227,23.961586566231865,1.0538329921404284,2.643945426583656,50.96402374573856,21.302804118504486,8.782388598787193,0.1723570791370932,22.30330327520997,11.73748621999205,4.011277509619343,0.011636608571695461,29.488062360266817,14.089289069029826,5.196821513505749,0.07139569364969489,0.25538938135848355,32.376669677599544,11.32659612022914,5.47708601077107,0.010003010955919933,49.69889373190735,17.013392330205857,8.463892075567678,0.23222706541233862,84.2180615954446,28.908541671573467,14.31606672643667,0.5513949291839708,0.7936250055522294
18,2026-01-01 18:00:00,240.6052503443156,87.2544458363036,40.299772822438,1.6377081113721772,257.4547676257083,93.84073013248039,43.147557702160476,1.9218276486624575,245.7350979468103,90.86439172643996,41.253722911411444,1.6301958733961897,5.189731633430824,72.85928229107068,28.638430849471927,12.453810929388291,0.19954167981828164,132.1598448049565,48.87743421023169,22.439817330360935,1.3099951064013453,138.14272071570696,51.99086199974649,23.48376279204399,0.9977180026258168,2.5072547888454437,66.10825994205746,22.56066992262223,11.112161129374467,0.27492660901097565,35.87309517225393,12.418158926303132,6.045432446589523,0.03976183903106545,43.46218135780425,14.895068159101903,7.309713899651318,0.12884802461419298,0.4435364726562341,22.65974061131626,11.87907620726103,4.086115748615221,-0.006926055338141168,40.84984969883699,17.862326643138537,7.188301699718133,0.18318303229211352,77.14500271321666,30.320753577781517,13.333918967011428,0.4783360467326645,0.6545930236866369
19,2026-01-01 19:00:00,231.9860774197932,83.62494101280761,38.829146059409055,1.5206065248133598,248.09175794515536,89.88488882096226,41.549178348731935,1.7817515583040233,236.8484956185768,86.9740346169153,39.72894501608067,1.5119863748594469,4.81434445797683,69.40096130933547,27.47150684561141,11.869271922425863,0.18106258757104854,126.26896853351491,46.85056319749452,21.438538509802193,1.1968410047945355,132.01064411320684,49.77523475036188,22.43739115352826,0.9099433300719681,2.287846922437552,65.0645095855396,21.645364303373633,10.904050505497201,0.26450958542974945,36.04103785315145,11.918583278176005,6.042601028648877,0.04103785306668328,43.32586513036445,14.294402804457217,7.255746111019505,0.12586513024224644,0.43141256873867917,21.21989872170125,11.393894009118016,3.844436819180351,-0.0067679449775148726,38.67212752828737,17.13157191049833,6.812775117917881,0.1654608613895192,73.50070078280352,29.055067135745052,12.702435223247182,0.4340341155323699,0.5927270319443743
20,2026-01-01 20:00:00,217.21183165106638,74.07299985610601,36.13603400086151,1.3152059353365644,231.5073645578029,79.60336266352594,38.54771279571804,1.5322305842719004,221.60180566414232,77.08447948755335,36.944019719188454,1.3106642936816968,4.158100813290162,73.31485952982763,24.46031188642408,12.279927059179574,0.20341967817081752,123.69302268726737,41.614839047706226,20.754187878184787,1.0977932183631367,128.81769576232603,44.233287607991976,21.642604073143872,0.8613436579501013,2.1625565544840555,57.5817661857322,19.136713083592042,9.640960779310413,0.20676618551190984,31.907111286001292,10.548193842859106,5.344241459723506,0.03211128587128442,38.348445607957615,12.651670187682384,6.416726353312646,0.09844560777813882,0.3373230791613331,30.611439851601318,10.137571205052048,5.143641105268696,0.011439851611910967,46.0952294683399,15.222077423401513,7.805515904108643,0.19522946796101337,76.95635210400654,25.816708722334766,13.02680964786033,0.4563521032341811,0.6630214228071054
21,2026-01-01 21:00:00,178.62406506864767,60.50812273667007,29.6958923358477,0.8890312633390636,190.22346508242123,64.87081528959109,31.64623252979312,1.0322909792009227,182.08408252072238,62.68600456556089,30.322296957661322,0.8824714739515969,2.803793716491583,60.34551000127548,20.066907107112666,10.087940977601757,0.1376645702515802,101.66947820168286,34.04169934530719,17.020009128842087,0.7382787003260205,105.88513407208782,36.054309268009554,17.74452523425348,0.5787883924220978,1.4547316629996985,47.389523803925954,15.715111527089407,7.919918176753246,0.13952380380703744,26.271695901379264,8.674425305742465,4.391907919151612,0.021695901303150578,31.566476974559034,10.405158097333432,5.272693118231651,0.0664769744531597,0.22769667956334771,25.207845430953576,8.332271491876297,4.225063821388466,0.007845430907220674,37.93119950098763,12.508840669016985,6.39776158060541,0.131199500711908,63.30634567939834,21.14759996130252,10.674354257518077,0.30634567879999963,0.4453906104191283
22,2026-01-01 22:00:00,140.857829035174,47.196116565450325,23.39124726075826,0.5520075392094839,149.84565547285368,50.49784249464286,24.89834832752798,0.6387586766672086,143.46582388727794,48.686743526148234,23.85537083808151,0.5460259413372057,1.7367921572138982,48.095115157885445,15.733289479252303,8.014392056405148,0.08747264098055751,80.4435522545424,26.61571275712469,13.427091836387952,0.45866946481515924,83.75393303601376,28.07718929626908,13.990629163218701,0.3601416749451829,0.9062837807408997,37.21070633800335,12.311790202136152,6.207539436687043,0.08570633792157878,20.638344541543816,6.805382600125052,3.443666278411833,0.013344541493989226,24.790864909858634,8.163912746995976,4.133843150890871,0.04086490979153368,0.13991578920710168,20.507642516852833,6.534481603762671,3.417573518723589,0.005888130851353424,30.4848827894938,9.807173854432524,5.110655506773237,0.0831284033486881,50.39379136090359,16.529942994429796,8.45329055053079,0.19203697457181335,0.28105350877185487
23,2026-01-01 23:00:00,130.60757115880855,39.57435906663153,21.488686744542402,0.46490189738472054,138.1530656045138,42.317787948762906,22.75111370235662,0.5323711126470698,132.84089293964396,40.854015047152345,21.88385195583715,0.461449233372349,1.4587222434041394,53.032837764165784,13.25224473609121,8.65200790371773,0.10995927927886129,80.11137117433424,22.343918681183286,13.169858230503761,0.42635805833830887,82.90090251822947,23.606221827779514,13.643306579442989,0.3505854770819923,0.8869028146991624,31.109831497097495,10.296535247349972,5.186673406711561,0.059831496890428326,17.259323317326103,5.696219383462086,2.8780238685505815,0.009323317221962668,20.728541187912054,6.833688307901112,3.454646944974893,0.028541187771089938,0.09769600188348093,29.9228784848389,5.514515804546673,4.829298133060304,0.02954515158122817,38.28501311556932,8.2557632619073,6.242615725865184,0.11167978183909355,54.95031704090317,13.905130400930524,9.025303064549584,0.2169837069178513,0.358208640338173
